<?xml version="1.0" encoding="UTF-8"?>
<project-private xmlns="http://www.netbeans.org/ns/project-private/1">
    <editor-bookmarks xmlns="http://www.netbeans.org/ns/editor-bookmarks/2" lastBookmarkId="0"/>
    <open-files xmlns="http://www.netbeans.org/ns/projectui-open-files/2">
        <group>
            <file>file:/D:/UNICAUCA/OCTAVO%20SEMESTRE/FInal%20Enfasis%203/FinalEnfasis/src/java/mongoHandler/HandCiudad.java</file>
            <file>file:/D:/UNICAUCA/OCTAVO%20SEMESTRE/FInal%20Enfasis%203/FinalEnfasis/src/java/mongoHandler/HandAdmin.java</file>
            <file>file:/D:/UNICAUCA/OCTAVO%20SEMESTRE/FInal%20Enfasis%203/FinalEnfasis/src/java/ejb/AdminEJB.java</file>
            <file>file:/D:/UNICAUCA/OCTAVO%20SEMESTRE/FInal%20Enfasis%203/FinalEnfasis/src/java/ManagedBeans/AdminMB.java</file>
        </group>
    </open-files>
</project-private>
